{"cameraMode":{"drawMode":0,"name":"Shaded","section":"Shading Mode"},"sceneLighting":false,"audioPlay":false,"sceneViewState":{"m_AlwaysRefresh":false,"showFog":true,"showSkybox":false,"showFlares":true,"showImageEffects":true,"showParticleSystems":true,"showVisualEffectGraphs":true,"m_FxEnabled":true},"in2DMode":false,"pivot":{"x":0.0007975976914167404,"y":0.0005321428179740906,"z":-0.42816483974456789},"rotation":{"x":0.02497752755880356,"y":0.9683651924133301,"z":-0.10823549330234528,"w":0.2234698086977005},"size":1.0008032321929932,"orthographic":false}