{"cameraMode":{"drawMode":0,"name":"Shaded","section":"Shading Mode"},"sceneLighting":false,"audioPlay":false,"sceneViewState":{"m_AlwaysRefresh":false,"showFog":true,"showSkybox":false,"showFlares":true,"showImageEffects":true,"showParticleSystems":true,"showVisualEffectGraphs":true,"m_FxEnabled":true},"in2DMode":false,"pivot":{"x":-0.671244204044342,"y":0.5482546091079712,"z":-0.3744145333766937},"rotation":{"x":0.026169035583734514,"y":0.9031619429588318,"z":0.05561550334095955,"w":-0.4249924421310425},"size":1.4922614097595215,"orthographic":false}