{"cameraMode":{"drawMode":0,"name":"Shaded","section":"Shading Mode"},"sceneLighting":false,"audioPlay":false,"sceneViewState":{"m_AlwaysRefresh":false,"showFog":false,"showSkybox":false,"showFlares":false,"showImageEffects":false,"showParticleSystems":false,"showVisualEffectGraphs":true,"m_FxEnabled":true},"in2DMode":false,"pivot":{"x":0.000641942024230957,"y":0.8778389692306519,"z":-0.023943960666656495},"rotation":{"x":-0.15621179342269898,"y":0.3103812634944916,"z":-0.051749780774116519,"w":-0.9362848997116089},"size":1.4922614097595215,"orthographic":false}